{
  "host": "0.0.0.0",
  "port": 1630,
  "language": "en",
  "directoryPaths": {
    "groupsPath": "groups/",
    "proxyGroupsPath": "groups/proxies/",
    "serverGroupsPath": "groups/servers/",
    "lobbyGroupsPath": "groups/lobbies/",
    "storagePath": "storage/",
    "templatesPath": "templates/",
    "tempPath": "tmp/",
    "staticPath": "static/",
    "minecraftJarsPath": "storage/minecraftJars/",
    "languagesPath": "storage/languages/",
    "modulesPath": "modules/",
    "wrappersPath": "storage/wrappers/",
    "zippedTemplatesPath": "storage/zippedTemplates/"
  }
}