[
  {
    "_id": "5fe3451db82ca330f4aa680b",
    "name": "BUNGEECORD",
    "serviceAPIType": "BUNGEECORD",
    "downloadURL": "https://ci.md-5.net/job/BungeeCord/lastSuccessfulBuild/artifact/bootstrap/target/BungeeCord.jar",
    "createdAt": "2020-12-23T13:24:45.435Z",
    "updatedAt": "2020-12-23T13:24:45.435Z",
    "__v": 0,
    "implementationVersion": 2
  },
  {
    "_id": "5fe3451db82ca330f4aa680c",
    "name": "TRAVERTINE",
    "serviceAPIType": "BUNGEECORD",
    "downloadURL": "https://papermc.io/api/v1/travertine/1.16/latest/download",
    "createdAt": "2020-12-23T13:24:45.445Z",
    "updatedAt": "2020-12-23T13:24:45.445Z",
    "__v": 0,
    "implementationVersion": 2
  },
  {
    "_id": "5fe3451db82ca330f4aa680d",
    "name": "PAPER_1_16_3",
    "serviceAPIType": "SPIGOT",
    "downloadURL": "https://dl.thesimplecloud.eu/download/versions/paper/Paper-1.16.3.jar",
    "createdAt": "2020-12-23T13:24:45.462Z",
    "updatedAt": "2020-12-23T13:24:45.462Z",
    "__v": 0,
    "implementationVersion": 2
  },
  {
    "_id": "5fe3451db82ca330f4aa680e",
    "name": "PAPER_1_16_2",
    "serviceAPIType": "SPIGOT",
    "downloadURL": "https://dl.thesimplecloud.eu/download/versions/paper/Paper-1.16.2.jar",
    "createdAt": "2020-12-23T13:24:45.463Z",
    "updatedAt": "2020-12-23T13:24:45.463Z",
    "__v": 0,
    "implementationVersion": 2
  },
  {
    "_id": "5fe3451db82ca330f4aa680f",
    "name": "PAPER_1_16_4",
    "serviceAPIType": "SPIGOT",
    "downloadURL": "https://dl.thesimplecloud.eu/download/versions/paper/Paper-1.16.4.jar",
    "createdAt": "2020-12-23T13:24:45.467Z",
    "updatedAt": "2020-12-23T13:24:45.467Z",
    "__v": 0,
    "implementationVersion": 2
  },
  {
    "_id": "5fe3451db82ca330f4aa6810",
    "name": "PAPER_1_16_1",
    "serviceAPIType": "SPIGOT",
    "downloadURL": "https://dl.thesimplecloud.eu/download/versions/paper/Paper-1.16.1.jar",
    "createdAt": "2020-12-23T13:24:45.499Z",
    "updatedAt": "2020-12-23T13:24:45.499Z",
    "__v": 0,
    "implementationVersion": 2
  },
  {
    "_id": "5fe3451db82ca330f4aa6811",
    "name": "PAPER_1_11_2",
    "serviceAPIType": "SPIGOT",
    "downloadURL": "https://yivesmirror.com/files/paper/PaperSpigot-1.11.2-b1104.jar",
    "createdAt": "2020-12-23T13:24:45.564Z",
    "updatedAt": "2020-12-23T13:24:45.564Z",
    "__v": 0,
    "implementationVersion": 2
  },
  {
    "_id": "5fe3451db82ca330f4aa6812",
    "name": "SPIGOT_1_15_2",
    "serviceAPIType": "SPIGOT",
    "downloadURL": "https://cdn.getbukkit.org/spigot/spigot-1.15.2.jar",
    "createdAt": "2020-12-23T13:24:45.566Z",
    "updatedAt": "2020-12-23T13:24:45.566Z",
    "__v": 0,
    "implementationVersion": 2
  },
  {
    "_id": "5fe3451db82ca330f4aa6813",
    "name": "SPIGOT_1_11_2",
    "serviceAPIType": "SPIGOT",
    "downloadURL": "https://cdn.getbukkit.org/spigot/spigot-1.11.2.jar",
    "createdAt": "2020-12-23T13:24:45.570Z",
    "updatedAt": "2020-12-23T13:24:45.570Z",
    "__v": 0,
    "implementationVersion": 2
  },
  {
    "_id": "5fe3451db82ca330f4aa6814",
    "name": "PAPER_1_15_2",
    "serviceAPIType": "SPIGOT",
    "downloadURL": "https://dl.thesimplecloud.eu/download/versions/paper/Paper-1.15.2.jar",
    "createdAt": "2020-12-23T13:24:45.571Z",
    "updatedAt": "2020-12-23T13:24:45.571Z",
    "__v": 0,
    "implementationVersion": 2
  },
  {
    "_id": "5fe3451db82ca330f4aa6815",
    "name": "SPIGOT_1_16_4",
    "serviceAPIType": "SPIGOT",
    "downloadURL": "https://cdn.getbukkit.org/spigot/spigot-1.16.4.jar",
    "createdAt": "2020-12-23T13:24:45.573Z",
    "updatedAt": "2020-12-23T13:24:45.573Z",
    "__v": 0,
    "implementationVersion": 2
  },
  {
    "_id": "5fe3451db82ca330f4aa6816",
    "name": "SPIGOT_1_13_2",
    "serviceAPIType": "SPIGOT",
    "downloadURL": "https://cdn.getbukkit.org/spigot/spigot-1.13.2.jar",
    "createdAt": "2020-12-23T13:24:45.575Z",
    "updatedAt": "2020-12-23T13:24:45.575Z",
    "__v": 0,
    "implementationVersion": 2
  },
  {
    "_id": "5fe3451db82ca330f4aa6817",
    "name": "PAPER_1_13_2",
    "serviceAPIType": "SPIGOT",
    "downloadURL": "https://dl.thesimplecloud.eu/download/versions/paper/Paper-1.13.2.jar",
    "createdAt": "2020-12-23T13:24:45.576Z",
    "updatedAt": "2020-12-23T13:24:45.576Z",
    "__v": 0,
    "implementationVersion": 2
  },
  {
    "_id": "5fe3451db82ca330f4aa6818",
    "name": "SPIGOT_1_16_3",
    "serviceAPIType": "SPIGOT",
    "downloadURL": "https://cdn.getbukkit.org/spigot/spigot-1.16.3.jar",
    "createdAt": "2020-12-23T13:24:45.578Z",
    "updatedAt": "2020-12-23T13:24:45.578Z",
    "__v": 0,
    "implementationVersion": 2
  },
  {
    "_id": "5fe3451db82ca330f4aa6819",
    "name": "SPIGOT_1_12_2",
    "serviceAPIType": "SPIGOT",
    "downloadURL": "https://cdn.getbukkit.org/spigot/spigot-1.12.2.jar",
    "createdAt": "2020-12-23T13:24:45.579Z",
    "updatedAt": "2020-12-23T13:24:45.579Z",
    "__v": 0,
    "implementationVersion": 2
  },
  {
    "_id": "5fe3451db82ca330f4aa681a",
    "name": "PAPER_1_14_4",
    "serviceAPIType": "SPIGOT",
    "downloadURL": "https://dl.thesimplecloud.eu/download/versions/paper/Paper-1.14.4.jar",
    "createdAt": "2020-12-23T13:24:45.583Z",
    "updatedAt": "2020-12-23T13:24:45.583Z",
    "__v": 0,
    "implementationVersion": 2
  },
  {
    "_id": "5fe3451db82ca330f4aa681b",
    "name": "PAPER_1_8_8",
    "serviceAPIType": "SPIGOT",
    "downloadURL": "https://dl.thesimplecloud.eu/download/versions/paper/Paper-1.8.8.jar",
    "createdAt": "2020-12-23T13:24:45.584Z",
    "updatedAt": "2020-12-23T13:24:45.584Z",
    "__v": 0,
    "implementationVersion": 2
  },
  {
    "_id": "5fe3451db82ca330f4aa681c",
    "name": "SPIGOT_1_16_1",
    "serviceAPIType": "SPIGOT",
    "downloadURL": "https://cdn.getbukkit.org/spigot/spigot-1.16.1.jar",
    "createdAt": "2020-12-23T13:24:45.588Z",
    "updatedAt": "2020-12-23T13:24:45.588Z",
    "__v": 0,
    "implementationVersion": 2
  },
  {
    "_id": "5fe3451db82ca330f4aa681d",
    "name": "SPIGOT_1_9_4",
    "serviceAPIType": "SPIGOT",
    "downloadURL": "https://cdn.getbukkit.org/spigot/spigot-1.9.4-R0.1-SNAPSHOT-latest.jar",
    "createdAt": "2020-12-23T13:24:45.590Z",
    "updatedAt": "2020-12-23T13:24:45.590Z",
    "__v": 0,
    "implementationVersion": 2
  },
  {
    "_id": "5fe3451db82ca330f4aa681e",
    "name": "PAPER_1_12_2",
    "serviceAPIType": "SPIGOT",
    "downloadURL": "https://dl.thesimplecloud.eu/download/versions/paper/Paper-1.12.2.jar",
    "createdAt": "2020-12-23T13:24:45.591Z",
    "updatedAt": "2020-12-23T13:24:45.591Z",
    "__v": 0,
    "implementationVersion": 2
  },
  {
    "_id": "5fe3451db82ca330f4aa681f",
    "name": "PAPER_1_7_10",
    "serviceAPIType": "SPIGOT",
    "downloadURL": "https://yivesmirror.com/files/paper/PaperSpigot-1.7.10-R0.1-SNAPSHOT-latest.jar",
    "createdAt": "2020-12-23T13:24:45.593Z",
    "updatedAt": "2020-12-23T13:24:45.593Z",
    "__v": 0,
    "implementationVersion": 2
  },
  {
    "_id": "5fe3451db82ca330f4aa6820",
    "name": "SPIGOT_1_14_4",
    "serviceAPIType": "SPIGOT",
    "downloadURL": "https://cdn.getbukkit.org/spigot/spigot-1.14.4.jar",
    "createdAt": "2020-12-23T13:24:45.595Z",
    "updatedAt": "2020-12-23T13:24:45.595Z",
    "__v": 0,
    "implementationVersion": 2
  },
  {
    "_id": "5fe3451db82ca330f4aa6821",
    "name": "WATERFALL",
    "serviceAPIType": "BUNGEECORD",
    "downloadURL": "https://api.papermc.io/v2/projects/waterfall/versions/1.19/builds/500/downloads/waterfall-1.19-500.jar",
    "createdAt": "2020-12-23T13:24:45.618Z",
    "updatedAt": "2020-12-23T13:24:45.618Z",
    "__v": 0,
    "implementationVersion": 2
  },
  {
    "_id": "5fe3451db82ca330f4aa6822",
    "name": "SPIGOT_1_10_2",
    "serviceAPIType": "SPIGOT",
    "downloadURL": "https://cdn.getbukkit.org/spigot/spigot-1.10.2-R0.1-SNAPSHOT-latest.jar",
    "createdAt": "2020-12-23T13:24:45.619Z",
    "updatedAt": "2020-12-23T13:24:45.619Z",
    "__v": 0,
    "implementationVersion": 2
  },
  {
    "_id": "5fe3451db82ca330f4aa6823",
    "name": "SPIGOT_1_7_10",
    "serviceAPIType": "SPIGOT",
    "downloadURL": "https://cdn.getbukkit.org/spigot/spigot-1.7.10-SNAPSHOT-b1657.jar",
    "createdAt": "2020-12-23T13:24:45.620Z",
    "updatedAt": "2020-12-23T13:24:45.620Z",
    "__v": 0,
    "implementationVersion": 2
  },
  {
    "_id": "5fe3451db82ca330f4aa6825",
    "name": "VELOCITY",
    "serviceAPIType": "VELOCITY",
    "downloadURL": "https://versions.velocitypowered.com/download/1.1.9.jar",
    "createdAt": "2020-12-23T13:24:45.645Z",
    "updatedAt": "2020-12-23T13:24:45.645Z",
    "__v": 0,
    "implementationVersion": 2
  },
  {
    "_id": "5fe3451db82ca330f4aa6826",
    "name": "SPIGOT_1_8_8",
    "serviceAPIType": "SPIGOT",
    "downloadURL": "https://cdn.getbukkit.org/spigot/spigot-1.8.8-R0.1-SNAPSHOT-latest.jar",
    "createdAt": "2020-12-23T13:24:45.648Z",
    "updatedAt": "2020-12-23T13:24:45.648Z",
    "__v": 0,
    "implementationVersion": 2
  },
  {
    "_id": "601bfaf9db109e117b77b7a8",
    "name": "PAPER_1_16_5",
    "serviceAPIType": "SPIGOT",
    "downloadURL": "https://dl.thesimplecloud.eu/download/versions/paper/Paper-1.16.5.jar",
    "createdAt": "2020-12-23T13:24:45.467Z",
    "updatedAt": "2020-12-23T13:24:45.467Z",
    "__v": 0,
    "implementationVersion": 2
  },
  {
    "_id": "60c5dd266ea9a25fcf96a69d",
    "name": "VELOCITY_3",
    "serviceAPIType": "VELOCITY",
    "downloadURL": "https://api.papermc.io/v2/projects/velocity/versions/3.1.2-SNAPSHOT/builds/171/downloads/velocity-3.1.2-SNAPSHOT-171.jar",
    "createdAt": "2020-12-23T13:24:45.645Z",
    "updatedAt": "2020-12-23T13:24:45.645Z",
    "__v": 0,
    "implementationVersion": 2.2
  },
  {
    "_id": "60c5e1536ea9a25fcf96a69f",
    "name": "SPIGOT_1_17",
    "serviceAPIType": "SPIGOT",
    "downloadURL": "https://download.getbukkit.org/spigot/spigot-1.17.jar",
    "createdAt": "2020-12-23T13:24:45.573Z",
    "updatedAt": "2020-12-23T13:24:45.573Z",
    "__v": 0,
    "implementationVersion": 2.2
  },
  {
    "_id": "60cf0db51ea8f55be4e0cb4a",
    "name": "PAPER_1_17",
    "serviceAPIType": "SPIGOT",
    "downloadURL": "https://dl.thesimplecloud.eu/download/versions/paper/Paper-1.17.jar",
    "createdAt": "2020-12-23T13:24:45.573Z",
    "updatedAt": "2020-12-23T13:24:45.573Z",
    "__v": 0,
    "implementationVersion": 2
  },
  {
    "_id": "60e5e61f1ea8f55be4ea8e89",
    "name": "PAPER_1_17_1",
    "serviceAPIType": "SPIGOT",
    "downloadURL": "https://dl.thesimplecloud.eu/download/versions/paper/Paper-1.17.1.jar",
    "createdAt": "2020-12-23T13:24:45.573Z",
    "updatedAt": "2020-12-23T13:24:45.573Z",
    "__v": 0,
    "implementationVersion": 2
  },
  {
    "_id": "61b62f635ca6bcf15791ee1a",
    "name": "PAPER_1_18_1",
    "serviceAPIType": "SPIGOT",
    "isPaperClip": true,
    "downloadURL": "https://papermc.io/api/v2/projects/paper/versions/1.18.1/builds/133/downloads/paper-1.18.1-133.jar",
    "createdAt": "2020-12-23T13:24:45.573Z",
    "updatedAt": "2020-12-23T13:24:45.573Z",
    "__v": 0,
    "implementationVersion": 2
  },
  {
    "_id": "625bb2a85ca6bcf157d8244e",
    "name": "PAPER_1_18_2",
    "serviceAPIType": "SPIGOT",
    "isPaperClip": true,
    "downloadURL": "https://api.papermc.io/v2/projects/paper/versions/1.18.2/builds/386/downloads/paper-1.18.2-386.jar",
    "createdAt": "2020-12-23T13:24:45.573Z",
    "updatedAt": "2020-12-23T13:24:45.573Z",
    "__v": 0,
    "implementationVersion": 2
  },
  {
    "_id": "62a9fa5436064e1f80eed502",
    "name": "PAPER_1_19",
    "serviceAPIType": "SPIGOT",
    "isPaperClip": true,
    "downloadURL": "https://api.papermc.io/v2/projects/paper/versions/1.19/builds/69/downloads/paper-1.19-69.jar",
    "createdAt": "2020-12-23T13:24:45.573Z",
    "updatedAt": "2020-12-23T13:24:45.573Z",
    "__v": 0,
    "implementationVersion": 2.3
  },
  {
    "_id": "62ab6ad736064e1f80ef7221",
    "name": "WINDSPIGOT_1_8_8",
    "serviceAPIType": "SPIGOT",
    "downloadURL": "https://dl.thesimplecloud.eu/download/versions/paper/WindSpigot-1.8.8.jar",
    "createdAt": "2020-12-23T13:24:45.584Z",
    "updatedAt": "2020-12-23T13:24:45.584Z",
    "__v": 0,
    "implementationVersion": 2
  },
  {
    "_id": "62e6cb0636064e1f8008678e",
    "name": "PAPER_1_19_1",
    "serviceAPIType": "SPIGOT",
    "isPaperClip": true,
    "downloadURL": "https://api.papermc.io/v2/projects/paper/versions/1.19.1/builds/111/downloads/paper-1.19.1-111.jar",
    "createdAt": "2020-12-23T13:24:45.573Z",
    "updatedAt": "2020-12-23T13:24:45.573Z",
    "__v": 0,
    "implementationVersion": 2.3
  },
  {
    "_id": "62f1310c36064e1f800ccb52",
    "name": "PAPER_1_19_2",
    "serviceAPIType": "SPIGOT",
    "isPaperClip": true,
    "downloadURL": "https://api.papermc.io/v2/projects/paper/versions/1.19.2/builds/118/downloads/paper-1.19.2-118.jar",
    "createdAt": "2020-12-23T13:24:45.573Z",
    "updatedAt": "2020-12-23T13:24:45.573Z",
    "__v": 0,
    "implementationVersion": 2.3
  }
]